{
  "globalDependencies": {
    "classnames": "registry:dt/classnames#0.0.0+20160316155526",
    "enzyme": "registry:dt/enzyme#2.5.1+20161019142319",
    "jest": "registry:dt/jest#15.1.1+20160919141445",
    "node": "registry:dt/node#6.0.0+20160921192128",
    "react": "registry:dt/react#0.14.0+20161008064207",
    "react-dom": "registry:dt/react-dom#0.14.0+20160412154040",
    "react-router/history": "registry:dt/react-router/history#2.0.0+20160830150755",
    "whatwg-fetch": "registry:dt/whatwg-fetch#0.0.0+20160829180742",
    "whatwg-streams": "registry:dt/whatwg-streams#0.0.0+20160829180742"
  },
  "dependencies": {
    "react-router": "registry:npm/react-router#2.4.0+20160915183637"
  }
}
